,index,지역,연도,월,분양가격
0,0,서울,2013,12,18189.0
1,1,부산,2013,12,8111.0
2,2,대구,2013,12,8080.0
3,3,인천,2013,12,10204.0
4,4,광주,2013,12,6098.0
5,5,대전,2013,12,8321.0
6,6,울산,2013,12,8090.0
7,7,경기,2013,12,10855.0
8,8,세종,2013,12,7601.0
9,9,강원,2013,12,6230.0
10,10,충북,2013,12,6589.0
11,11,충남,2013,12,6365.0
12,12,전북,2013,12,6282.0
13,13,전남,2013,12,5678.0
14,14,경북,2013,12,6168.0
15,15,경남,2013,12,6473.0
16,16,제주,2013,12,7674.0
17,17,서울,2014,1,17925.0
18,18,부산,2014,1,8111.0
19,19,대구,2014,1,8080.0
20,20,인천,2014,1,10204.0
21,21,광주,2014,1,7326.0
22,22,대전,2014,1,8321.0
23,23,울산,2014,1,8090.0
24,24,경기,2014,1,10855.0
25,25,세종,2014,1,7600.0
26,26,강원,2014,1,6230.0
27,27,충북,2014,1,6589.0
28,28,충남,2014,1,6365.0
29,29,전북,2014,1,6281.0
30,30,전남,2014,1,5678.0
31,31,경북,2014,1,6168.0
32,32,경남,2014,1,6485.0
33,33,제주,2014,1,7900.0
34,34,서울,2014,2,17925.0
35,35,부산,2014,2,9078.0
36,36,대구,2014,2,8077.0
37,37,인천,2014,2,10408.0
38,38,광주,2014,2,7611.0
39,39,대전,2014,2,8321.0
40,40,울산,2014,2,8090.0
41,41,경기,2014,2,10791.0
42,42,세종,2014,2,7532.0
43,43,강원,2014,2,6230.0
44,44,충북,2014,2,6611.0
45,45,충남,2014,2,6379.0
46,46,전북,2014,2,5946.0
47,47,전남,2014,2,5678.0
48,48,경북,2014,2,6234.0
49,49,경남,2014,2,6502.0
50,50,제주,2014,2,7900.0
51,51,서울,2014,3,18016.0
52,52,부산,2014,3,8965.0
53,53,대구,2014,3,8101.0
54,54,인천,2014,3,10408.0
55,55,광주,2014,3,7346.0
56,56,대전,2014,3,8341.0
57,57,울산,2014,3,8153.0
58,58,경기,2014,3,10784.0
59,59,세종,2014,3,7814.0
60,60,강원,2014,3,6141.0
61,61,충북,2014,3,6625.0
62,62,충남,2014,3,6287.0
63,63,전북,2014,3,5966.0
64,64,전남,2014,3,5696.0
65,65,경북,2014,3,6317.0
66,66,경남,2014,3,6610.0
67,67,제주,2014,3,7900.0
68,68,서울,2014,4,18098.0
69,69,부산,2014,4,9402.0
70,70,대구,2014,4,8267.0
71,71,인천,2014,4,10000.0
72,72,광주,2014,4,7346.0
73,73,대전,2014,4,8341.0
74,74,울산,2014,4,8153.0
75,75,경기,2014,4,10876.0
76,76,세종,2014,4,7908.0
77,77,강원,2014,4,6373.0
78,78,충북,2014,4,6678.0
79,79,충남,2014,4,6552.0
80,80,전북,2014,4,6277.0
81,81,전남,2014,4,5736.0
82,82,경북,2014,4,6412.0
83,83,경남,2014,4,6599.0
84,84,제주,2014,4,7900.0
85,85,서울,2014,5,19446.0
86,86,부산,2014,5,9501.0
87,87,대구,2014,5,8274.0
88,88,인천,2014,5,9844.0
89,89,광주,2014,5,7523.0
90,90,대전,2014,5,8341.0
91,91,울산,2014,5,8153.0
92,92,경기,2014,5,10646.0
93,93,세종,2014,5,7934.0
94,94,강원,2014,5,6350.0
95,95,충북,2014,5,6598.0
96,96,충남,2014,5,6591.0
97,97,전북,2014,5,6306.0
98,98,전남,2014,5,5656.0
99,99,경북,2014,5,6409.0
100,100,경남,2014,5,6610.0
101,101,제주,2014,5,7900.0
102,102,서울,2014,6,18867.0
103,103,부산,2014,6,9453.0
104,104,대구,2014,6,8360.0
105,105,인천,2014,6,10058.0
106,106,광주,2014,6,7659.0
107,107,대전,2014,6,8333.0
108,108,울산,2014,6,8153.0
109,109,경기,2014,6,10266.0
110,110,세종,2014,6,8067.0
111,111,강원,2014,6,6350.0
112,112,충북,2014,6,6587.0
113,113,충남,2014,6,6644.0
114,114,전북,2014,6,6351.0
115,115,전남,2014,6,5609.0
116,116,경북,2014,6,6554.0
117,117,경남,2014,6,6615.0
118,118,제주,2014,6,7914.0
119,119,서울,2014,7,18742.0
120,120,부산,2014,7,9457.0
121,121,대구,2014,7,8360.0
122,122,인천,2014,7,9974.0
123,123,광주,2014,7,7612.0
124,124,대전,2014,7,8333.0
125,125,울산,2014,7,8153.0
126,126,경기,2014,7,10124.0
127,127,세종,2014,7,8067.0
128,128,강원,2014,7,6268.0
129,129,충북,2014,7,6586.0
130,130,충남,2014,7,6805.0
131,131,전북,2014,7,6319.0
132,132,전남,2014,7,5780.0
133,133,경북,2014,7,6556.0
134,134,경남,2014,7,6613.0
135,135,제주,2014,7,7914.0
136,136,서울,2014,8,19274.0
137,137,부산,2014,8,9411.0
138,138,대구,2014,8,8370.0
139,139,인천,2014,8,9973.0
140,140,광주,2014,8,7622.0
141,141,대전,2014,8,8333.0
142,142,울산,2014,8,8493.0
143,143,경기,2014,8,10134.0
144,144,세종,2014,8,8141.0
145,145,강원,2014,8,6268.0
146,146,충북,2014,8,6586.0
147,147,충남,2014,8,6914.0
148,148,전북,2014,8,6436.0
149,149,전남,2014,8,5685.0
150,150,경북,2014,8,6563.0
151,151,경남,2014,8,6606.0
152,152,제주,2014,8,7914.0
153,153,서울,2014,9,19404.0
154,154,부산,2014,9,9258.0
155,155,대구,2014,9,8449.0
156,156,인천,2014,9,9973.0
157,157,광주,2014,9,7802.0
158,158,대전,2014,9,8048.0
159,159,울산,2014,9,8493.0
160,160,경기,2014,9,10501.0
161,161,세종,2014,9,8282.0
162,162,강원,2014,9,6419.0
163,163,충북,2014,9,6584.0
164,164,충남,2014,9,6882.0
165,165,전북,2014,9,6719.0
166,166,전남,2014,9,5804.0
167,167,경북,2014,9,6577.0
168,168,경남,2014,9,6767.0
169,169,제주,2014,9,7833.0
170,170,서울,2014,10,19759.0
171,171,부산,2014,10,9110.0
172,172,대구,2014,10,8403.0
173,173,인천,2014,10,10016.0
174,174,광주,2014,10,7707.0
175,175,대전,2014,10,8038.0
176,176,울산,2014,10,8627.0
177,177,경기,2014,10,10397.0
178,178,세종,2014,10,8527.0
179,179,강원,2014,10,6631.0
180,180,충북,2014,10,6529.0
181,181,충남,2014,10,6831.0
182,182,전북,2014,10,6581.0
183,183,전남,2014,10,5753.0
184,184,경북,2014,10,6778.0
185,185,경남,2014,10,6881.0
186,186,제주,2014,10,7724.0
187,187,서울,2014,11,20242.0
188,188,부산,2014,11,9208.0
189,189,대구,2014,11,8439.0
190,190,인천,2014,11,10020.0
191,191,광주,2014,11,7752.0
192,192,대전,2014,11,8067.0
193,193,울산,2014,11,8891.0
194,194,경기,2014,11,10356.0
195,195,세종,2014,11,8592.0
196,196,강원,2014,11,6365.0
197,197,충북,2014,11,6724.0
198,198,충남,2014,11,6940.0
199,199,전북,2014,11,6583.0
200,200,전남,2014,11,5768.0
201,201,경북,2014,11,6881.0
202,202,경남,2014,11,7125.0
203,203,제주,2014,11,7724.0
204,204,서울,2014,12,20269.0
205,205,부산,2014,12,9208.0
206,206,대구,2014,12,8253.0
207,207,인천,2014,12,10020.0
208,208,광주,2014,12,7748.0
209,209,대전,2014,12,8067.0
210,210,울산,2014,12,8891.0
211,211,경기,2014,12,10379.0
212,212,세종,2014,12,8560.0
213,213,강원,2014,12,6365.0
214,214,충북,2014,12,6743.0
215,215,충남,2014,12,6989.0
216,216,전북,2014,12,6583.0
217,217,전남,2014,12,5784.0
218,218,경북,2014,12,6989.0
219,219,경남,2014,12,7332.0
220,220,제주,2014,12,7739.0
221,221,서울,2015,1,20670.0
222,222,부산,2015,1,9204.0
223,223,대구,2015,1,8327.0
224,224,인천,2015,1,10017.0
225,225,광주,2015,1,7752.0
226,226,대전,2015,1,8067.0
227,227,울산,2015,1,8526.0
228,228,경기,2015,1,10391.0
229,229,세종,2015,1,8560.0
230,230,강원,2015,1,6348.0
231,231,충북,2015,1,6749.0
232,232,충남,2015,1,6976.0
233,233,전북,2015,1,6583.0
234,234,전남,2015,1,5784.0
235,235,경북,2015,1,6992.0
236,236,경남,2015,1,7592.0
237,237,제주,2015,1,7739.0
238,238,서울,2015,2,20670.0
239,239,부산,2015,2,9235.0
240,240,대구,2015,2,8416.0
241,241,인천,2015,2,9876.0
242,242,광주,2015,2,7756.0
243,243,대전,2015,2,8067.0
244,244,울산,2015,2,8526.0
245,245,경기,2015,2,10355.0
246,246,세종,2015,2,8560.0
247,247,강원,2015,2,6350.0
248,248,충북,2015,2,6747.0
249,249,충남,2015,2,6980.0
250,250,전북,2015,2,6583.0
251,251,전남,2015,2,5833.0
252,252,경북,2015,2,6953.0
253,253,경남,2015,2,7588.0
254,254,제주,2015,2,7739.0
255,255,서울,2015,3,19415.0
256,256,부산,2015,3,9279.0
257,257,대구,2015,3,8441.0
258,258,인천,2015,3,9876.0
259,259,광주,2015,3,7861.0
260,260,대전,2015,3,8067.0
261,261,울산,2015,3,8629.0
262,262,경기,2015,3,10469.0
263,263,세종,2015,3,8555.0
264,264,강원,2015,3,6182.0
265,265,충북,2015,3,6783.0
266,266,충남,2015,3,7161.0
267,267,전북,2015,3,6542.0
268,268,전남,2015,3,5825.0
269,269,경북,2015,3,6997.0
270,270,경남,2015,3,7668.0
271,271,제주,2015,3,7826.0
272,272,서울,2015,4,18842.0
273,273,부산,2015,4,9327.0
274,274,대구,2015,4,8446.0
275,275,인천,2015,4,9938.0
276,276,광주,2015,4,7914.0
277,277,대전,2015,4,8145.0
278,278,울산,2015,4,9380.0
279,279,경기,2015,4,10684.0
280,280,세종,2015,4,8546.0
281,281,강원,2015,4,6924.0
282,282,충북,2015,4,6790.0
283,283,충남,2015,4,7017.0
284,284,전북,2015,4,6551.0
285,285,전남,2015,4,5940.0
286,286,경북,2015,4,7006.0
287,287,경남,2015,4,7683.0
288,288,제주,2015,4,7285.0
289,289,서울,2015,5,18367.0
290,290,부산,2015,5,9345.0
291,291,대구,2015,5,8568.0
292,292,인천,2015,5,10551.0
293,293,광주,2015,5,7877.0
294,294,대전,2015,5,8272.0
295,295,울산,2015,5,9192.0
296,296,경기,2015,5,10685.0
297,297,세종,2015,5,8546.0
298,298,강원,2015,5,6846.0
299,299,충북,2015,5,6805.0
300,300,충남,2015,5,6975.0
301,301,전북,2015,5,6556.0
302,302,전남,2015,5,6050.0
303,303,경북,2015,5,6966.0
304,304,경남,2015,5,7717.0
305,305,제주,2015,5,7285.0
306,306,서울,2015,6,18374.0
307,307,부산,2015,6,9515.0
308,308,대구,2015,6,8542.0
309,309,인천,2015,6,10443.0
310,310,광주,2015,6,7881.0
311,311,대전,2015,6,8079.0
312,312,울산,2015,6,9190.0
313,313,경기,2015,6,10573.0
314,314,세종,2015,6,8671.0
315,315,강원,2015,6,6986.0
316,316,충북,2015,6,6682.0
317,317,충남,2015,6,6939.0
318,318,전북,2015,6,6601.0
319,319,전남,2015,6,6243.0
320,320,경북,2015,6,6887.0
321,321,경남,2015,6,7715.0
322,322,제주,2015,6,7343.0
323,323,서울,2015,7,18152.0
324,324,부산,2015,7,9559.0
325,325,대구,2015,7,8542.0
326,326,인천,2015,7,10443.0
327,327,광주,2015,7,8089.0
328,328,대전,2015,7,8079.0
329,329,울산,2015,7,9190.0
330,330,경기,2015,7,10518.0
331,331,세종,2015,7,8669.0
332,332,강원,2015,7,7019.0
333,333,충북,2015,7,6601.0
334,334,충남,2015,7,6935.0
335,335,전북,2015,7,6750.0
336,336,전남,2015,7,6286.0
337,337,경북,2015,7,7035.0
338,338,경남,2015,7,7723.0
339,339,제주,2015,7,7343.0
340,340,서울,2015,8,18443.0
341,341,부산,2015,8,9581.0
342,342,대구,2015,8,8795.0
343,343,인천,2015,8,10449.0
344,344,광주,2015,8,8231.0
345,345,대전,2015,8,8079.0
346,346,울산,2015,8,9215.0
347,347,경기,2015,8,10573.0
348,348,세종,2015,8,8695.0
349,349,강원,2015,8,7008.0
350,350,충북,2015,8,6603.0
351,351,충남,2015,8,6942.0
352,352,전북,2015,8,6580.0
353,353,전남,2015,8,6289.0
354,354,경북,2015,8,7037.0
355,355,경남,2015,8,7665.0
356,356,제주,2015,8,7343.0
357,0,서울,2015,10,5841.0
358,5,인천,2015,10,3163.0
359,10,경기,2015,10,3138.0
360,15,부산,2015,10,3112.0
361,20,대구,2015,10,2682.0
362,25,광주,2015,10,2420.0
363,30,대전,2015,10,2454.0
364,35,울산,2015,10,3053.0
365,40,세종,2015,10,2642.0
366,45,강원,2015,10,2167.0
367,50,충북,2015,10,2032.0
368,55,충남,2015,10,2099.0
369,60,전북,2015,10,2054.0
370,65,전남,2015,10,1925.0
371,70,경북,2015,10,2148.0
372,75,경남,2015,10,2291.0
373,80,제주,2015,10,2232.0
374,85,서울,2015,11,6050.0
375,90,인천,2015,11,3184.0
376,95,경기,2015,11,3098.0
377,100,부산,2015,11,3131.0
378,105,대구,2015,11,2749.0
379,110,광주,2015,11,2424.0
380,115,대전,2015,11,2454.0
381,120,울산,2015,11,3043.0
382,125,세종,2015,11,2648.0
383,130,강원,2015,11,2171.0
384,135,충북,2015,11,2004.0
385,140,충남,2015,11,2100.0
386,145,전북,2015,11,2057.0
387,150,전남,2015,11,1909.0
388,155,경북,2015,11,2190.0
389,160,경남,2015,11,2298.0
390,165,제주,2015,11,2232.0
391,170,서울,2015,12,6041.0
392,175,인천,2015,12,3184.0
393,180,경기,2015,12,3198.0
394,185,부산,2015,12,3127.0
395,190,대구,2015,12,2962.0
396,195,광주,2015,12,2476.0
397,200,대전,2015,12,2454.0
398,205,울산,2015,12,3043.0
399,210,세종,2015,12,2665.0
400,215,강원,2015,12,2171.0
401,220,충북,2015,12,2005.0
402,225,충남,2015,12,2269.0
403,230,전북,2015,12,1983.0
404,235,전남,2015,12,1909.0
405,240,경북,2015,12,2181.0
406,245,경남,2015,12,2307.0
407,250,제주,2015,12,2268.0
408,255,서울,2016,1,6108.0
409,260,인천,2016,1,3191.0
410,265,경기,2016,1,3198.0
411,270,부산,2016,1,3152.0
412,275,대구,2016,1,3086.0
413,280,광주,2016,1,2569.0
414,285,대전,2016,1,2454.0
415,290,울산,2016,1,3046.0
416,295,세종,2016,1,2665.0
417,300,강원,2016,1,2173.0
418,305,충북,2016,1,2008.0
419,310,충남,2016,1,2270.0
420,315,전북,2016,1,1980.0
421,320,전남,2016,1,1909.0
422,325,경북,2016,1,2181.0
423,330,경남,2016,1,2327.0
424,335,제주,2016,1,2268.0
425,340,서울,2016,2,6111.0
426,345,인천,2016,2,3192.0
427,350,경기,2016,2,3219.0
428,355,부산,2016,2,3154.0
429,360,대구,2016,2,3064.0
430,365,광주,2016,2,2569.0
431,370,대전,2016,2,2454.0
432,375,울산,2016,2,3046.0
433,380,세종,2016,2,2665.0
434,385,강원,2016,2,2173.0
435,390,충북,2016,2,2008.0
436,395,충남,2016,2,2272.0
437,400,전북,2016,2,1980.0
438,405,전남,2016,2,1923.0
439,410,경북,2016,2,2179.0
440,415,경남,2016,2,2358.0
441,420,제주,2016,2,2268.0
442,425,서울,2016,3,6173.0
443,430,인천,2016,3,3190.0
444,435,경기,2016,3,3215.0
445,440,부산,2016,3,3178.0
446,445,대구,2016,3,3119.0
447,450,광주,2016,3,2590.0
448,455,대전,2016,3,2454.0
449,460,울산,2016,3,3066.0
450,465,세종,2016,3,2670.0
451,470,강원,2016,3,2194.0
452,475,충북,2016,3,1980.0
453,480,충남,2016,3,2115.0
454,485,전북,2016,3,1951.0
455,490,전남,2016,3,1921.0
456,495,경북,2016,3,2179.0
457,500,경남,2016,3,2383.0
458,505,제주,2016,3,2314.0
459,510,서울,2016,4,6241.0
460,515,인천,2016,4,3238.0
461,520,경기,2016,4,3199.0
462,525,부산,2016,4,3169.0
463,530,대구,2016,4,3132.0
464,535,광주,2016,4,2700.0
465,540,대전,2016,4,2449.0
466,545,울산,2016,4,3072.0
467,550,세종,2016,4,2680.0
468,555,강원,2016,4,2140.0
469,560,충북,2016,4,1968.0
470,565,충남,2016,4,2169.0
471,570,전북,2016,4,1909.0
472,575,전남,2016,4,1925.0
473,580,경북,2016,4,2177.0
474,585,경남,2016,4,2391.0
475,590,제주,2016,4,2719.0
476,595,서울,2016,5,6264.0
477,600,인천,2016,5,3179.0
478,605,경기,2016,5,3443.0
479,610,부산,2016,5,3148.0
480,615,대구,2016,5,3132.0
481,620,광주,2016,5,2722.0
482,625,대전,2016,5,2465.0
483,630,울산,2016,5,3077.0
484,635,세종,2016,5,2680.0
485,640,강원,2016,5,2117.0
486,645,충북,2016,5,1980.0
487,650,충남,2016,5,2166.0
488,655,전북,2016,5,1945.0
489,660,전남,2016,5,1927.0
490,665,경북,2016,5,2176.0
491,670,경남,2016,5,2381.0
492,675,제주,2016,5,2691.0
493,680,서울,2016,6,6208.0
494,685,인천,2016,6,3204.0
495,690,경기,2016,6,3542.0
496,695,부산,2016,6,3150.0
497,700,대구,2016,6,3134.0
498,705,광주,2016,6,2737.0
499,710,대전,2016,6,2562.0
500,715,울산,2016,6,3069.0
501,720,세종,2016,6,2683.0
502,725,강원,2016,6,2104.0
503,730,충북,2016,6,2047.0
504,735,충남,2016,6,2198.0
505,740,전북,2016,6,1931.0
506,745,전남,2016,6,1968.0
507,750,경북,2016,6,2238.0
508,755,경남,2016,6,2389.0
509,760,제주,2016,6,2827.0
510,765,서울,2016,7,6254.0
511,770,인천,2016,7,3222.0
512,775,경기,2016,7,3531.0
513,780,부산,2016,7,3158.0
514,785,대구,2016,7,3130.0
515,790,광주,2016,7,2742.0
516,795,대전,2016,7,2562.0
517,800,울산,2016,7,3069.0
518,805,세종,2016,7,2687.0
519,810,강원,2016,7,2101.0
520,815,충북,2016,7,2075.0
521,820,충남,2016,7,2198.0
522,825,전북,2016,7,1929.0
523,830,전남,2016,7,1968.0
524,835,경북,2016,7,2248.0
525,840,경남,2016,7,2375.0
526,845,제주,2016,7,2827.0
527,850,서울,2016,8,6285.0
528,855,인천,2016,8,3235.0
529,860,경기,2016,8,3561.0
530,865,부산,2016,8,3185.0
531,870,대구,2016,8,3147.0
532,875,광주,2016,8,2726.0
533,880,대전,2016,8,2562.0
534,885,울산,2016,8,2976.0
535,890,세종,2016,8,2694.0
536,895,강원,2016,8,2098.0
537,900,충북,2016,8,2124.0
538,905,충남,2016,8,2235.0
539,910,전북,2016,8,1929.0
540,915,전남,2016,8,1966.0
541,920,경북,2016,8,2238.0
542,925,경남,2016,8,2384.0
543,930,제주,2016,8,2878.0
544,935,서울,2016,9,6283.0
545,940,인천,2016,9,3168.0
546,945,경기,2016,9,3360.0
547,950,부산,2016,9,3200.0
548,955,대구,2016,9,3147.0
549,960,광주,2016,9,2721.0
550,965,대전,2016,9,2517.0
551,970,울산,2016,9,2976.0
552,975,세종,2016,9,2689.0
553,980,강원,2016,9,2100.0
554,985,충북,2016,9,2125.0
555,990,충남,2016,9,2236.0
556,995,전북,2016,9,1925.0
557,1000,전남,2016,9,1972.0
558,1005,경북,2016,9,2251.0
559,1010,경남,2016,9,2391.0
560,1015,제주,2016,9,3083.0
561,1020,서울,2016,10,6400.0
562,1025,인천,2016,10,3198.0
563,1030,경기,2016,10,3431.0
564,1035,부산,2016,10,3097.0
565,1040,대구,2016,10,3147.0
566,1045,광주,2016,10,2725.0
567,1050,대전,2016,10,3066.0
568,1055,울산,2016,10,3205.0
569,1060,세종,2016,10,2700.0
570,1065,강원,2016,10,2137.0
571,1070,충북,2016,10,2098.0
572,1075,충남,2016,10,2247.0
573,1080,전북,2016,10,1927.0
574,1085,전남,2016,10,1982.0
575,1090,경북,2016,10,2294.0
576,1095,경남,2016,10,2412.0
577,1100,제주,2016,10,3083.0
578,1105,서울,2016,11,6370.0
579,1110,인천,2016,11,3151.0
580,1115,경기,2016,11,3546.0
581,1120,부산,2016,11,3083.0
582,1125,대구,2016,11,3109.0
583,1130,광주,2016,11,2775.0
584,1135,대전,2016,11,2685.0
585,1140,울산,2016,11,3260.0
586,1145,세종,2016,11,2702.0
587,1150,강원,2016,11,2071.0
588,1155,충북,2016,11,2125.0
589,1160,충남,2016,11,2277.0
590,1165,전북,2016,11,1928.0
591,1170,전남,2016,11,2056.0
592,1175,경북,2016,11,2294.0
593,1180,경남,2016,11,2359.0
594,1185,제주,2016,11,3107.0
595,1190,서울,2016,12,6443.0
596,1195,인천,2016,12,3132.0
597,1200,경기,2016,12,3555.0
598,1205,부산,2016,12,3253.0
599,1210,대구,2016,12,3144.0
600,1215,광주,2016,12,2783.0
601,1220,대전,2016,12,2685.0
602,1225,울산,2016,12,3260.0
603,1230,세종,2016,12,2705.0
604,1235,강원,2016,12,2087.0
605,1240,충북,2016,12,2081.0
606,1245,충남,2016,12,2274.0
607,1250,전북,2016,12,2004.0
608,1255,전남,2016,12,2078.0
609,1260,경북,2016,12,2311.0
610,1265,경남,2016,12,2388.0
611,1270,제주,2016,12,3132.0
612,1275,서울,2017,1,6450.0
613,1280,인천,2017,1,3132.0
614,1285,경기,2017,1,3554.0
615,1290,부산,2017,1,3244.0
616,1295,대구,2017,1,3121.0
617,1300,광주,2017,1,2778.0
618,1305,대전,2017,1,2685.0
619,1310,울산,2017,1,3260.0
620,1315,세종,2017,1,2705.0
621,1320,강원,2017,1,2085.0
622,1325,충북,2017,1,2105.0
623,1330,충남,2017,1,2235.0
624,1335,전북,2017,1,2006.0
625,1340,전남,2017,1,2078.0
626,1345,경북,2017,1,2312.0
627,1350,경남,2017,1,2390.0
628,1355,제주,2017,1,3124.0
629,1360,서울,2017,2,6464.0
630,1365,인천,2017,2,3167.0
631,1370,경기,2017,2,3607.0
632,1375,부산,2017,2,3243.0
633,1380,대구,2017,2,3158.0
634,1385,광주,2017,2,2778.0
635,1390,대전,2017,2,2721.0
636,1395,울산,2017,2,3263.0
637,1400,세종,2017,2,2705.0
638,1405,강원,2017,2,2090.0
639,1410,충북,2017,2,2044.0
640,1415,충남,2017,2,2236.0
641,1420,전북,2017,2,2009.0
642,1425,전남,2017,2,2093.0
643,1430,경북,2017,2,2307.0
644,1435,경남,2017,2,2384.0
645,1440,제주,2017,2,3134.0
646,1445,서울,2017,3,6370.0
647,1450,인천,2017,3,3179.0
648,1455,경기,2017,3,3632.0
649,1460,부산,2017,3,3290.0
650,1465,대구,2017,3,3200.0
651,1470,광주,2017,3,2783.0
652,1475,대전,2017,3,2721.0
653,1480,울산,2017,3,3263.0
654,1485,세종,2017,3,2705.0
655,1490,강원,2017,3,2068.0
656,1495,충북,2017,3,1976.0
657,1500,충남,2017,3,2237.0
658,1505,전북,2017,3,2044.0
659,1510,전남,2017,3,2090.0
660,1515,경북,2017,3,2291.0
661,1520,경남,2017,3,2407.0
662,1525,제주,2017,3,3097.0
663,1530,서울,2017,4,6366.0
664,1535,인천,2017,4,3179.0
665,1540,경기,2017,4,3604.0
666,1545,부산,2017,4,3289.0
667,1550,대구,2017,4,3179.0
668,1555,광주,2017,4,2854.0
669,1560,대전,2017,4,2739.0
670,1565,울산,2017,4,3578.0
671,1570,세종,2017,4,2729.0
672,1575,강원,2017,4,2068.0
673,1580,충북,2017,4,2040.0
674,1585,충남,2017,4,2221.0
675,1590,전북,2017,4,2105.0
676,1595,전남,2017,4,2106.0
677,1600,경북,2017,4,2318.0
678,1605,경남,2017,4,2401.0
679,1610,제주,2017,4,3323.0
680,1615,서울,2017,5,6400.0
681,1620,인천,2017,5,3291.0
682,1625,경기,2017,5,3474.0
683,1630,부산,2017,5,3549.0
684,1635,대구,2017,5,3179.0
685,1640,광주,2017,5,2890.0
686,1645,대전,2017,5,2739.0
687,1650,울산,2017,5,3578.0
688,1655,세종,2017,5,2729.0
689,1660,강원,2017,5,2084.0
690,1665,충북,2017,5,2050.0
691,1670,충남,2017,5,2222.0
692,1675,전북,2017,5,2130.0
693,1680,전남,2017,5,2165.0
694,1685,경북,2017,5,2363.0
695,1690,경남,2017,5,2418.0
696,1695,제주,2017,5,3459.0
697,1700,서울,2017,6,6667.0
698,1705,인천,2017,6,3326.0
699,1710,경기,2017,6,3489.0
700,1715,부산,2017,6,3616.0
701,1720,대구,2017,6,3246.0
702,1725,광주,2017,6,2912.0
703,1730,대전,2017,6,2739.0
704,1735,울산,2017,6,3582.0
705,1740,세종,2017,6,2733.0
706,1745,강원,2017,6,2131.0
707,1750,충북,2017,6,2043.0
708,1755,충남,2017,6,2274.0
709,1760,전북,2017,6,2201.0
710,1765,전남,2017,6,2147.0
711,1770,경북,2017,6,2383.0
712,1775,경남,2017,6,2444.0
713,1780,제주,2017,6,3274.0
714,1785,서울,2017,7,6573.0
715,1790,인천,2017,7,3322.0
716,1795,경기,2017,7,3629.0
717,1800,부산,2017,7,3614.0
718,1805,대구,2017,7,3870.0
719,1810,광주,2017,7,2894.0
720,1815,대전,2017,7,2738.0
721,1820,울산,2017,7,3582.0
722,1825,세종,2017,7,2733.0
723,1830,강원,2017,7,2146.0
724,1835,충북,2017,7,2043.0
725,1840,충남,2017,7,2275.0
726,1845,전북,2017,7,2195.0
727,1850,전남,2017,7,2147.0
728,1855,경북,2017,7,2382.0
729,1860,경남,2017,7,2465.0
730,1865,제주,2017,7,3335.0
731,1870,서울,2017,8,6172.0
732,1875,인천,2017,8,3273.0
733,1880,경기,2017,8,3641.0
734,1885,부산,2017,8,3589.0
735,1890,대구,2017,8,3994.0
736,1895,광주,2017,8,2903.0
737,1900,대전,2017,8,2738.0
738,1905,울산,2017,8,3582.0
739,1910,세종,2017,8,2734.0
740,1915,강원,2017,8,2268.0
741,1920,충북,2017,8,2050.0
742,1925,충남,2017,8,2257.0
743,1930,전북,2017,8,2209.0
744,1935,전남,2017,8,2214.0
745,1940,경북,2017,8,2441.0
746,1945,경남,2017,8,2515.0
747,1950,제주,2017,8,3335.0
748,1955,서울,2017,9,6507.0
749,1960,인천,2017,9,3302.0
750,1965,경기,2017,9,3628.0
751,1970,부산,2017,9,3594.0
752,1975,대구,2017,9,3839.0
753,1980,광주,2017,9,2945.0
754,1985,대전,2017,9,2894.0
755,1990,울산,2017,9,3582.0
756,1995,세종,2017,9,2758.0
757,2000,강원,2017,9,2235.0
758,2005,충북,2017,9,2054.0
759,2010,충남,2017,9,2257.0
760,2015,전북,2017,9,2219.0
761,2020,전남,2017,9,2214.0
762,2025,경북,2017,9,2429.0
763,2030,경남,2017,9,2510.0
764,2035,제주,2017,9,3222.0
765,2040,서울,2017,10,6578.0
766,2045,인천,2017,10,3300.0
767,2050,경기,2017,10,3625.0
768,2055,부산,2017,10,3723.0
769,2060,대구,2017,10,3839.0
770,2065,광주,2017,10,2912.0
771,2070,대전,2017,10,2729.0
772,2075,울산,2017,10,3385.0
773,2080,세종,2017,10,2759.0
774,2085,강원,2017,10,2279.0
775,2090,충북,2017,10,2060.0
776,2095,충남,2017,10,2283.0
777,2100,전북,2017,10,2182.0
778,2105,전남,2017,10,2305.0
779,2110,경북,2017,10,2367.0
780,2115,경남,2017,10,2436.0
781,2120,제주,2017,10,3222.0
782,2125,서울,2017,11,
783,2130,인천,2017,11,
784,2135,경기,2017,11,
785,2140,부산,2017,11,
786,2145,대구,2017,11,
787,2150,광주,2017,11,
788,2155,대전,2017,11,
789,2160,울산,2017,11,
790,2165,세종,2017,11,
791,2170,강원,2017,11,
792,2175,충북,2017,11,
793,2180,충남,2017,11,
794,2185,전북,2017,11,
795,2190,전남,2017,11,
796,2195,경북,2017,11,
797,2200,경남,2017,11,
798,2205,제주,2017,11,
799,2210,서울,2017,12,6706.0
800,2215,인천,2017,12,3318.0
801,2220,경기,2017,12,3617.0
802,2225,부산,2017,12,3842.0
803,2230,대구,2017,12,3561.0
804,2235,광주,2017,12,2896.0
805,2240,대전,2017,12,2706.0
806,2245,울산,2017,12,3162.0
807,2250,세종,2017,12,3161.0
808,2255,강원,2017,12,2302.0
809,2260,충북,2017,12,2077.0
810,2265,충남,2017,12,2357.0
811,2270,전북,2017,12,2226.0
812,2275,전남,2017,12,2400.0
813,2280,경북,2017,12,2390.0
814,2285,경남,2017,12,2696.0
815,2290,제주,2017,12,3578.0
816,2295,서울,2018,1,6623.0
817,2300,인천,2018,1,3333.0
818,2305,경기,2018,1,3846.0
819,2310,부산,2018,1,3842.0
820,2315,대구,2018,1,3585.0
821,2320,광주,2018,1,2894.0
822,2325,대전,2018,1,2744.0
823,2330,울산,2018,1,3162.0
824,2335,세종,2018,1,3161.0
825,2340,강원,2018,1,2324.0
826,2345,충북,2018,1,2077.0
827,2350,충남,2018,1,2394.0
828,2355,전북,2018,1,2226.0
829,2360,전남,2018,1,2400.0
830,2365,경북,2018,1,2441.0
831,2370,경남,2018,1,2696.0
832,2375,제주,2018,1,3636.0
833,2380,서울,2018,2,6631.0
834,2385,인천,2018,2,3342.0
835,2390,경기,2018,2,3876.0
836,2395,부산,2018,2,3850.0
837,2400,대구,2018,2,3364.0
838,2405,광주,2018,2,2894.0
839,2410,대전,2018,2,2887.0
840,2415,울산,2018,2,3174.0
841,2420,세종,2018,2,3161.0
842,2425,강원,2018,2,2323.0
843,2430,충북,2018,2,2166.0
844,2435,충남,2018,2,2394.0
845,2440,전북,2018,2,2273.0
846,2445,전남,2018,2,2356.0
847,2450,경북,2018,2,2441.0
848,2455,경남,2018,2,2698.0
849,2460,제주,2018,2,3829.0
850,2465,서울,2018,3,6836.0
851,2470,인천,2018,3,3457.0
852,2475,경기,2018,3,3876.0
853,2480,부산,2018,3,3817.0
854,2485,대구,2018,3,3392.0
855,2490,광주,2018,3,2930.0
856,2495,대전,2018,3,2887.0
857,2500,울산,2018,3,3174.0
858,2505,세종,2018,3,3161.0
859,2510,강원,2018,3,2391.0
860,2515,충북,2018,3,2455.0
861,2520,충남,2018,3,2394.0
862,2525,전북,2018,3,2263.0
863,2530,전남,2018,3,2348.0
864,2535,경북,2018,3,2440.0
865,2540,경남,2018,3,2697.0
866,2545,제주,2018,3,3925.0
867,2550,서울,2018,4,6841.0
868,2555,인천,2018,4,3457.0
869,2560,경기,2018,4,3859.0
870,2565,부산,2018,4,3863.0
871,2570,대구,2018,4,3524.0
872,2575,광주,2018,4,2885.0
873,2580,대전,2018,4,2972.0
874,2585,울산,2018,4,3174.0
875,2590,세종,2018,4,3131.0
876,2595,강원,2018,4,2277.0
877,2600,충북,2018,4,2631.0
878,2605,충남,2018,4,2394.0
879,2610,전북,2018,4,2317.0
880,2615,전남,2018,4,2355.0
881,2620,경북,2018,4,2440.0
882,2625,경남,2018,4,2690.0
883,2630,제주,2018,4,3925.0
884,2635,서울,2018,5,6919.0
885,2640,인천,2018,5,3436.0
886,2645,경기,2018,5,3987.0
887,2650,부산,2018,5,3853.0
888,2655,대구,2018,5,3651.0
889,2660,광주,2018,5,2906.0
890,2665,대전,2018,5,2972.0
891,2670,울산,2018,5,3174.0
892,2675,세종,2018,5,3131.0
893,2680,강원,2018,5,2289.0
894,2685,충북,2018,5,2636.0
895,2690,충남,2018,5,2453.0
896,2695,전북,2018,5,2326.0
897,2700,전남,2018,5,2356.0
898,2705,경북,2018,5,2628.0
899,2710,경남,2018,5,2695.0
900,2715,제주,2018,5,3925.0
901,2720,서울,2018,6,6694.0
902,2725,인천,2018,6,3372.0
903,2730,경기,2018,6,3927.0
904,2735,부산,2018,6,3884.0
905,2740,대구,2018,6,3669.0
906,2745,광주,2018,6,3000.0
907,2750,대전,2018,6,2972.0
908,2755,울산,2018,6,3125.0
909,2760,세종,2018,6,3131.0
910,2765,강원,2018,6,2292.0
911,2770,충북,2018,6,2386.0
912,2775,충남,2018,6,2467.0
913,2780,전북,2018,6,2326.0
914,2785,전남,2018,6,2356.0
915,2790,경북,2018,6,2631.0
916,2795,경남,2018,6,2695.0
917,2800,제주,2018,6,3925.0
918,2805,서울,2018,7,6820.0
919,2810,인천,2018,7,3372.0
920,2815,경기,2018,7,3952.0
921,2820,부산,2018,7,3950.0
922,2825,대구,2018,7,3712.0
923,2830,광주,2018,7,2935.0
924,2835,대전,2018,7,2939.0
925,2840,울산,2018,7,3125.0
926,2845,세종,2018,7,3131.0
927,2850,강원,2018,7,2312.0
928,2855,충북,2018,7,2390.0
929,2860,충남,2018,7,2467.0
930,2865,전북,2018,7,2333.0
931,2870,전남,2018,7,2357.0
932,2875,경북,2018,7,2674.0
933,2880,경남,2018,7,2696.0
934,2885,제주,2018,7,3334.0
935,2890,서울,2018,8,6731.0
936,2895,인천,2018,8,3343.0
937,2900,경기,2018,8,4070.0
938,2905,부산,2018,8,3972.0
939,2910,대구,2018,8,3726.0
940,2915,광주,2018,8,2935.0
941,2920,대전,2018,8,2939.0
942,2925,울산,2018,8,3125.0
943,2930,세종,2018,8,3148.0
944,2935,강원,2018,8,2324.0
945,2940,충북,2018,8,2390.0
946,2945,충남,2018,8,2446.0
947,2950,전북,2018,8,2311.0
948,2955,전남,2018,8,2357.0
949,2960,경북,2018,8,2603.0
950,2965,경남,2018,8,2661.0
951,2970,제주,2018,8,3334.0
952,2975,서울,2018,9,6994.0
953,2980,인천,2018,9,3343.0
954,2985,경기,2018,9,4094.0
955,2990,부산,2018,9,4090.0
956,2995,대구,2018,9,3740.0
957,3000,광주,2018,9,2931.0
958,3005,대전,2018,9,3367.0
959,3010,울산,2018,9,3125.0
960,3015,세종,2018,9,3148.0
961,3020,강원,2018,9,2329.0
962,3025,충북,2018,9,2384.0
963,3030,충남,2018,9,2446.0
964,3035,전북,2018,9,2311.0
965,3040,전남,2018,9,2352.0
966,3045,경북,2018,9,2643.0
967,3050,경남,2018,9,2746.0
968,3055,제주,2018,9,3334.0
969,3060,서울,2018,10,7378.0
970,3065,인천,2018,10,3440.0
971,3070,경기,2018,10,4136.0
972,3075,부산,2018,10,4036.0
973,3080,대구,2018,10,3799.0
974,3085,광주,2018,10,3044.0
975,3090,대전,2018,10,3350.0
976,3095,울산,2018,10,2890.0
977,3100,세종,2018,10,3148.0
978,3105,강원,2018,10,2357.0
979,3110,충북,2018,10,2384.0
980,3115,충남,2018,10,2446.0
981,3120,전북,2018,10,2321.0
982,3125,전남,2018,10,2360.0
983,3130,경북,2018,10,2625.0
984,3135,경남,2018,10,2795.0
985,3140,제주,2018,10,3334.0
986,3145,서울,2018,11,7369.0
987,3150,인천,2018,11,3553.0
988,3155,경기,2018,11,4151.0
989,3160,부산,2018,11,4040.0
990,3165,대구,2018,11,3825.0
991,3170,광주,2018,11,3201.0
992,3175,대전,2018,11,3350.0
993,3180,울산,2018,11,2890.0
994,3185,세종,2018,11,3148.0
995,3190,강원,2018,11,2386.0
996,3195,충북,2018,11,2367.0
997,3200,충남,2018,11,2421.0
998,3205,전북,2018,11,2343.0
999,3210,전남,2018,11,2338.0
1000,3215,경북,2018,11,2681.0
1001,3220,경남,2018,11,2797.0
1002,3225,제주,2018,11,3314.0
1003,3230,서울,2018,12,7398.0
1004,3235,인천,2018,12,3548.0
1005,3240,경기,2018,12,4175.0
1006,3245,부산,2018,12,4068.0
1007,3250,대구,2018,12,3925.0
1008,3255,광주,2018,12,3284.0
1009,3260,대전,2018,12,3640.0
1010,3265,울산,2018,12,
1011,3270,세종,2018,12,3055.0
1012,3275,강원,2018,12,2326.0
1013,3280,충북,2018,12,2367.0
1014,3285,충남,2018,12,2415.0
1015,3290,전북,2018,12,2380.0
1016,3295,전남,2018,12,2389.0
1017,3300,경북,2018,12,2681.0
1018,3305,경남,2018,12,2932.0
1019,3310,제주,2018,12,3424.0
1020,3315,서울,2019,1,7600.0
1021,3320,인천,2019,1,3583.0
1022,3325,경기,2019,1,4258.0
1023,3330,부산,2019,1,4068.0
1024,3335,대구,2019,1,3983.0
1025,3340,광주,2019,1,3311.0
1026,3345,대전,2019,1,3689.0
1027,3350,울산,2019,1,
1028,3355,세종,2019,1,3055.0
1029,3360,강원,2019,1,2359.0
1030,3365,충북,2019,1,2367.0
1031,3370,충남,2019,1,2463.0
1032,3375,전북,2019,1,2380.0
1033,3380,전남,2019,1,2414.0
1034,3385,경북,2019,1,2638.0
1035,3390,경남,2019,1,2932.0
1036,3395,제주,2019,1,3424.0
1037,3400,서울,2019,2,7627.0
1038,3405,인천,2019,2,3590.0
1039,3410,경기,2019,2,4256.0
1040,3415,부산,2019,2,4068.0
1041,3420,대구,2019,2,3988.0
1042,3425,광주,2019,2,3311.0
1043,3430,대전,2019,2,3689.0
1044,3435,울산,2019,2,
1045,3440,세종,2019,2,3055.0
1046,3445,강원,2019,2,2359.0
1047,3450,충북,2019,2,2288.0
1048,3455,충남,2019,2,2571.0
1049,3460,전북,2019,2,2386.0
1050,3465,전남,2019,2,2412.0
1051,3470,경북,2019,2,2652.0
1052,3475,경남,2019,2,2932.0
1053,3480,제주,2019,2,3424.0
1054,3485,서울,2019,3,7772.0
1055,3490,인천,2019,3,3682.0
1056,3495,경기,2019,3,4369.0
1057,3500,부산,2019,3,4068.0
1058,3505,대구,2019,3,3975.0
1059,3510,광주,2019,3,3311.0
1060,3515,대전,2019,3,3610.0
1061,3520,울산,2019,3,
1062,3525,세종,2019,3,3055.0
1063,3530,강원,2019,3,2405.0
1064,3535,충북,2019,3,2291.0
1065,3540,충남,2019,3,2597.0
1066,3545,전북,2019,3,2452.0
1067,3550,전남,2019,3,2388.0
1068,3555,경북,2019,3,2649.0
1069,3560,경남,2019,3,2877.0
1070,3565,제주,2019,3,3424.0
1071,3570,서울,2019,4,7784.0
1072,3575,인천,2019,4,3682.0
1073,3580,경기,2019,4,4411.0
1074,3585,부산,2019,4,3927.0
1075,3590,대구,2019,4,4015.0
1076,3595,광주,2019,4,3313.0
1077,3600,대전,2019,4,3582.0
1078,3605,울산,2019,4,
1079,3610,세종,2019,4,3458.0
1080,3615,강원,2019,4,2534.0
1081,3620,충북,2019,4,2302.0
1082,3625,충남,2019,4,2609.0
1083,3630,전북,2019,4,2410.0
1084,3635,전남,2019,4,2310.0
1085,3640,경북,2019,4,2619.0
1086,3645,경남,2019,4,2833.0
1087,3650,제주,2019,4,3441.0
1088,3655,서울,2019,5,7786.0
1089,3660,인천,2019,5,3881.0
1090,3665,경기,2019,5,4351.0
1091,3670,부산,2019,5,3924.0
1092,3675,대구,2019,5,4115.0
1093,3680,광주,2019,5,3516.0
1094,3685,대전,2019,5,3582.0
1095,3690,울산,2019,5,
1096,3695,세종,2019,5,3458.0
1097,3700,강원,2019,5,2496.0
1098,3705,충북,2019,5,2297.0
1099,3710,충남,2019,5,2702.0
1100,3715,전북,2019,5,2469.0
1101,3720,전남,2019,5,2268.0
1102,3725,경북,2019,5,2539.0
1103,3730,경남,2019,5,2941.0
1104,3735,제주,2019,5,3441.0
1105,3740,서울,2019,6,8100.0
1106,3745,인천,2019,6,3887.0
1107,3750,경기,2019,6,4531.0
1108,3755,부산,2019,6,3906.0
1109,3760,대구,2019,6,4166.0
1110,3765,광주,2019,6,3595.0
1111,3770,대전,2019,6,3476.0
1112,3775,울산,2019,6,
1113,3780,세종,2019,6,3458.0
1114,3785,강원,2019,6,2508.0
1115,3790,충북,2019,6,2327.0
1116,3795,충남,2019,6,2618.0
1117,3800,전북,2019,6,2469.0
1118,3805,전남,2019,6,2320.0
1119,3810,경북,2019,6,2539.0
1120,3815,경남,2019,6,2967.0
1121,3820,제주,2019,6,3744.0
1122,3825,서울,2019,7,8067.0
1123,3830,인천,2019,7,3887.0
1124,3835,경기,2019,7,4287.0
1125,3840,부산,2019,7,3872.0
1126,3845,대구,2019,7,4297.0
1127,3850,광주,2019,7,3752.0
1128,3855,대전,2019,7,3477.0
1129,3860,울산,2019,7,
1130,3865,세종,2019,7,3458.0
1131,3870,강원,2019,7,2491.0
1132,3875,충북,2019,7,2290.0
1133,3880,충남,2019,7,2670.0
1134,3885,전북,2019,7,2488.0
1135,3890,전남,2019,7,2340.0
1136,3895,경북,2019,7,2539.0
1137,3900,경남,2019,7,2967.0
1138,3905,제주,2019,7,3869.0
1139,3910,서울,2019,8,8093.0
1140,3915,인천,2019,8,3941.0
1141,3920,경기,2019,8,4343.0
1142,3925,부산,2019,8,3931.0
1143,3930,대구,2019,8,4315.0
1144,3935,광주,2019,8,3721.0
1145,3940,대전,2019,8,3385.0
1146,3945,울산,2019,8,
1147,3950,세종,2019,8,3458.0
1148,3955,강원,2019,8,2492.0
1149,3960,충북,2019,8,2239.0
1150,3965,충남,2019,8,2641.0
1151,3970,전북,2019,8,2630.0
1152,3975,전남,2019,8,2344.0
1153,3980,경북,2019,8,2631.0
1154,3985,경남,2019,8,2977.0
1155,3990,제주,2019,8,3869.0
1156,3995,서울,2019,9,8085.0
1157,4000,인천,2019,9,3941.0
1158,4005,경기,2019,9,4441.0
1159,4010,부산,2019,9,4023.0
1160,4015,대구,2019,9,4358.0
1161,4020,광주,2019,9,3721.0
1162,4025,대전,2019,9,3442.0
1163,4030,울산,2019,9,2725.0
1164,4035,세종,2019,9,3458.0
1165,4040,강원,2019,9,2482.0
1166,4045,충북,2019,9,2263.0
1167,4050,충남,2019,9,2583.0
1168,4055,전북,2019,9,2630.0
1169,4060,전남,2019,9,2481.0
1170,4065,경북,2019,9,2658.0
1171,4070,경남,2019,9,2995.0
1172,4075,제주,2019,9,3869.0
1173,4080,서울,2019,10,8091.0
1174,4085,인천,2019,10,3947.0
1175,4090,경기,2019,10,4421.0
1176,4095,부산,2019,10,4040.0
1177,4100,대구,2019,10,4405.0
1178,4105,광주,2019,10,3771.0
1179,4110,대전,2019,10,3632.0
1180,4115,울산,2019,10,3140.0
1181,4120,세종,2019,10,3458.0
1182,4125,강원,2019,10,2460.0
1183,4130,충북,2019,10,2272.0
1184,4135,충남,2019,10,2602.0
1185,4140,전북,2019,10,2556.0
1186,4145,전남,2019,10,2494.0
1187,4150,경북,2019,10,2914.0
1188,4155,경남,2019,10,3209.0
1189,4160,제주,2019,10,3869.0
1190,4165,서울,2019,11,8062.0
1191,4170,인천,2019,11,3922.0
1192,4175,경기,2019,11,4453.0
1193,4180,부산,2019,11,3985.0
1194,4185,대구,2019,11,4382.0
1195,4190,광주,2019,11,3836.0
1196,4195,대전,2019,11,3632.0
1197,4200,울산,2019,11,3140.0
1198,4205,세종,2019,11,3458.0
1199,4210,강원,2019,11,2510.0
1200,4215,충북,2019,11,2303.0
1201,4220,충남,2019,11,2602.0
1202,4225,전북,2019,11,2468.0
1203,4230,전남,2019,11,2513.0
1204,4235,경북,2019,11,2914.0
1205,4240,경남,2019,11,3201.0
1206,4245,제주,2019,11,3882.0
1207,4250,서울,2019,12,7955.0
1208,4255,인천,2019,12,4002.0
1209,4260,경기,2019,12,4493.0
1210,4265,부산,2019,12,3884.0
1211,4270,대구,2019,12,4372.0
1212,4275,광주,2019,12,3834.0
1213,4280,대전,2019,12,3632.0
1214,4285,울산,2019,12,3143.0
1215,4290,세종,2019,12,3458.0
1216,4295,강원,2019,12,2510.0
1217,4300,충북,2019,12,2305.0
1218,4305,충남,2019,12,2640.0
1219,4310,전북,2019,12,2468.0
1220,4315,전남,2019,12,2452.0
1221,4320,경북,2019,12,2914.0
1222,4325,경남,2019,12,3063.0
1223,4330,제주,2019,12,3882.0
